"trainerid","name","specialization","phone","email"
1,"Anita Rao","Zumba","9876501234","anita.rao@beastfit.in"
2,"Karthik Raj","Strength Training","9812345678","karthik.raj@beastfit.in"
3,"Priya Menon","Yoga","9934567890","priya.menon@beastfit.in"
4,"Anjali Mehra","Zumba","9876512340","anjali.mehra@beastfit.in"
5,"Rohan Desai","Strength Training","9123456781","rohan.desai@beastfit.in"
6,"Meera Kapoor","Yoga","9823012456","meera.kapoor@beastfit.in"
7,"Siddharth B","Cardio","9901020304","siddharth.b@beastfit.in"
8,"Pooja Iyer","Pilates","9912345678","pooja.iyer@beastfit.in"
9,"Deepak Reddy","HIIT","9871234567","deepak.reddy@beastfit.in"
10,"Sneha Nair","CrossFit","9988776655","sneha.nair@beastfit.in"
11,"Nikhil Rao","Boxing","9001122334","nikhil.rao@beastfit.in"
12,"Sara Sharma","Zumba","9812345670","sara.sharma@beastfit.in"
13,"Vikram Joshi","Yoga","9012345678","vikram.joshi@beastfit.in"
14,"Aarti Yadav","Cardio","9111111122","aarti.yadav@beastfit.in"
15,"Praveen S","Strength Training","9222222233","praveen.s@beastfit.in"
16,"Chitra Das","Pilates","9333333344","chitra.das@beastfit.in"
17,"Arvind Patel","Boxing","9444444455","arvind.patel@beastfit.in"
18,"Farhan Khan","HIIT","9555555566","farhan.khan@beastfit.in"
19,"Sakshi Rao","Zumba","9666666677","sakshi.rao@beastfit.in"
20,"Anup Singh","Yoga","9777777788","anup.singh@beastfit.in"
21,"Bhavna T","Cardio","9888888899","bhavna.t@beastfit.in"
22,"Krishna Kumar","Strength Training","9999999900","krishna.k@beastfit.in"
23,"Vivek Sen","HIIT","9000000001","vivek.sen@beastfit.in"
24,"Sonal Jain","Pilates","9111111123","sonal.jain@beastfit.in"
25,"Mohan Das","Zumba","9222222244","mohan.das@beastfit.in"
26,"Rajeev Verma","Yoga","9333333355","rajeev.verma@beastfit.in"
27,"Preeti Saxena","Cardio","9444444466","preeti.saxena@beastfit.in"
28,"Karan Mehta","Boxing","9555555577","karan.mehta@beastfit.in"
29,"Tanya S","CrossFit","9666666688","tanya.s@beastfit.in"
30,"Rajesh Iyer","Strength Training","9777777799","rajesh.iyer@beastfit.in"
31,"Gauri Menon","Zumba","9888888800","gauri.menon@beastfit.in"
32,"Vishal Anand","HIIT","9999999911","vishal.anand@beastfit.in"
33,"Harsha K","Cardio","9000000012","harsha.k@beastfit.in"
